Domain,Status,Directory
optumhealthbank.com,Active,Named User
trinityinfusion.com,Active,Named User
amcadataincident.com,Active,Named User
i3dln.com,Active,Named User
advisory.com,Active,Named User
cvsauditservices.com,Active,Named User
healthiaexchange.net,Active,Named User
mypreferredcare.com,Active,Named User
ebmorris.com,Active,Named User
yourvisionplan.com,Active,Named User
i3media.com,Active,Named User
yourtracktohealth.com,Active,Named User
sironainfusion.com,Active,Named User
unitedhealthcare.com,Active,Named User
evercarehospice.com,Active,Named User
incsystem.com,Active,Named User
thecarrotagency.com,Active,Named User
joinforme.com,Active,Named User
securehorizons.com,Active,Named User
ingram1.com,Active,Named User
theflexcompany.com,Active,Named User
scasurgery.com,Active,Named User
asgitpa.com,Active,Named User
lifeprinthealth.com,Active,Named User
uhg.com,Active,Named User
corphupsvcs.com,Active,Named User
aarpmedicareplans.com,Active,Named User
mycuro.com,Active,Named User
firsthillsurgerycenter.com,Active,Named User
difinityhealth.com,Active,Named User
oxhp.com,Active,Named User
hwtc.com,Active,Named User
i3magnifi.com,Active,Named User
proneticshealth.com,Active,Named User
sierrahealth.com,Active,Named User
arcinfusion.net,Active,Named User
optumhealth.com,Active,Named User
medicahcp.com,Active,Named User
accessiv.com,Active,Named User
ingenixproject.com,Active,Named User
dcgre.com,Active,Named User
hss-info.com,Active,Named User
workatoptum.com,Active,Named User
optum-labs.com,Active,Named User
gethealthinsurance.com,Active,Named User
innovus.com,Active,Named User
mynhp.com,Active,Named User
newpueblomedicine.com,Active,Named User
recoveryfacts.com,Active,Named User
airsecurity.biz,Active,Named User
catamaranrx.com,Active,Named User
pronouncedhealth.com,Active,Named User
humedica.com,Active,Named User
ambienthealth.com,Active,Named User
fiservhealth.com,Active,Named User
healthtechnologygroup.com,Active,Named User
careimprovementppo.com,Active,Named User
optumhealthslco.com,Active,Named User
worldwatch.biz,Active,Named User
inhealthohio1.org,Active,Named User
orsch1.org,Active,Named User
chipsonline.com,Active,Named User
myconnectorplans.com,Active,Named User
pcpmedicalgroup.com,Active,Named User
lewin.com,Active,Named User
employereservices.com,Active,Named User
lighthousemd.com,Active,Named User
netwerkes.com,Active,Named User
optum-es.com,Active,Named User
unitedhealthcaremotion.com,Active,Named User
ediconnect.com,Active,Named User
uhchearing.com,Active,Named User
mynowclinic.com,Active,Named User
oxfordhealth.com,Active,Named User
polyclinic.com,Active,Named User
dbp.com,Active,Named User
myprocessworks.com,Active,Named User
healthiaconsulting.com,Active,Named User
pdbi.com,Active,Named User
naviguard.com,Active,Named User
reliantmedicalgroup.org,Active,Named User
unimerica.com,Active,Named User
xlhealth.com,Active,Named User
manystrong.com,Active,Named User
umvs.net,Active,Named User
alifehospital.com,Active,Named User
advana.com,Active,Named User
applecaremedical.com,Active,Named User
dovetailhealth.com,Active,Named User
caregivercopilot.com,Active,Named User
innoviantpharmacy.com,Active,Named User
medexassist.com,Active,Named User
sxc.com,Active,Named User
unitedhealthfoundation.org,Active,Named User
workerscomprx.com,Active,Named User
americhoice.com,Active,Named User
healthallies.com,Active,Named User
prescriptionsolutions.com,Active,Named User
bpire.com,Active,Named User
teammd.com,Active,Named User
savvysherpa.com,Active,Named User
optumhealtheducation.net,Active,Named User
workatuhg.com,Active,Named User
medexglobal.com,Active,Named User
asigroup.com,Active,Named User
mediprescribe.com,Active,Named User
overpaymentrecovery.com,Active,Named User
exante.com,Active,Named User
avidynhealth.com,Active,Named User
cippractitioners.com,Active,Named User
mywellbeingsolution.com,Active,Named User
uhcglobal.com,Active,Named User
aimhealthcareers.com,Active,Named User
caregiver-partners.com,Active,Named User
i3cme.com,Active,Named User
trhp.com,Active,Named User
choosewellcareconnect.com,Active,Named User
riversidemedgroup.com,Active,Named User
uhcforcaregivers.com,Active,Named User
alifemedical.com,Active,Named User
nammcal.com,Active,Named User
uhcmilitarywest.com,Active,Named User
caremedic.com,Active,Named User
expressclaim.com,Active,Named User
catpa.com,Active,Named User
nphc.net,Active,Named User
symmetry-health.com,Active,Named User
aimhealth.com,Active,Named User
aeroberts.com,Active,Named User
axelacarehealth.com,Active,Named User
rxsolutions.com,Active,Named User
neighborhood-health.com,Active,Named User
unitedbehavioralhealth.com,Active,Named User
cnichs.com,Active,Named User
hellomedicare.com,Active,Named User
rxsol.com,Active,Named User
myhealthandwellnesswebsite.com,Active,Named User
yourdentalplan.com,Active,Named User
optum.com.br,Active,Named User
nbr-online.com,Active,Named User
eyesynergy.com,Active,Named User
optumlabs.com,Active,Named User
cows.ds.uhc.com,Active,Named User
workatamil.com,Active,Named User
arcadministration.com,Active,Named User
aperturedata.com,Active,Named User
exantefs.com,Active,Named User
hygeia.net,Active,Named User
harringtonbenefits.com,Active,Named User
marchvisioncare.com,Active,Named User
ubhnet.com,Active,Named User
distancelearningnetwork.com,Active,Named User
enshealth.com,Active,Named User
mhealth.com,Active,Named User
summithomeinfusion.com,Active,Named User
jwhutton.com,Active,Named User
optumhealthlearningnetwork.com,Active,Named User
briovarxinfusion.com,Active,Named User
pcpcommissions.com,Active,Named User
uhctravel.com,Active,Named User
frontiermedex.com,Active,Named User
specteraplanadministrators.com,Active,Named User
canreginc.com,Active,Named User
uhcservices.com,Active,Named User
optuminsight.com,Active,Named User
unitedhealthcareglobal.com,Active,Named User
global-works.com,Active,Named User
compliancerg.com,Active,Named User
optumhealthfinancial.com,Active,Named User
optummarket.com,Active,Named User
uhc.com,Active,Named User
medexpress.com,Active,Named User
duncanps.com,Active,Named User
myoptumhealth.com,Active,Named User
caregiverpartners.com,Active,Named User
spectera.com,Active,Named User
unitedhealthgroup.com,Active,Named User
optum.com,Active,Named User
specializedcareservices.com,Active,Named User
payprs.com,Active,Named User
asiglobalresponse.com,Active,Named User
axelacare.com,Active,Named User
envisioncare.com,Active,Named User
optumchallenges.com,Active,Named User
mycancerhub.com,Active,Named User
healthextras.com,Active,Named User
sharedclarity.net,Active,Named User
mamsi.com,Active,Named User
mypremiuminfo.com,Active,Named User
healthatoz.com,Active,Named User
medicaltransllc.com,Active,Named User
providerexpress.com,Active,Named User
pacificare.com,Active,Named User
inspiris.com,Active,Named User
corpmailsvcs.com,Active,Named User
workatuhc.com,Active,Named User
ingenixps.com,Active,Named User
ingenix.com,Active,Named User
uhcgfze.com,Active,Named User
optum360.com,Active,Named User
healthchoice1.org,Active,Named User
vivifyhealth.com,Active,Named User
everettclinic.com,Active,Named User
medicaplans.com,Active,Named User
ProHealthMD.com,Active,Named User
catalystrx.com,Active,Named User
axelacarehealthsolutions.com,Active,Named User
umr.com,Active,Named User
fidelityig.com,Active,Named User
innoviant.com,Active,Named User
benplan.com,Active,Named User
healthscopebenefits.com,Active,Named User
goldenoutlook.com,Active,Named User
hospiscript.com,Active,Named User
smalv.com,Active,Named User
scriptswitch.com,Active,Named User
definity-health.com,Active,Named User
corpfaxsvcs.com,Active,Named User
goldenrule.com,Active,Named User
nsight-health.com,Active,Named User
hospiceinspiris.com,Active,Named User
covantage.com,Active,Named User
ihcis.com,Active,Named User
uhone.com,Active,Named User
ultimarx.com,Active,Named User
pclh.com,Active,Named User
hsbinc.com,Active,Named User
psychcme.net,Active,Named User
claredi.com,Active,Named User
i3dlnmediaservices.com,Active,Named User
foresighttpa.com,Active,Named User
masshealthltss.com,Active,Named User
briovarx.com,Active,Named User
uhcsouthflorida.com,Active,Named User
epichearing.com,Active,Named User
RMHP.ORG,Active,Named User
corpitsvcs.com,Active,Named User
exantebank.com,Active,Named User
i3innovus.com,Active,Named User
medicaconnect.com,Active,Named User
conservativespinecenter.com,Active,Named User
dlnetwork.com,Active,Named User
ingenixonline.com,Active,Named User
optumbank.com,Active,Named User
elgfze.com,Active,Named User
phs.com,Active,Named User
ipirx.com,Active,Named User
st-anthony.com,Active,Named User
optumhealthed.com,Active,Named User
uniprise.com,Active,Named User
UnitedHealthOne.com,Active,Named User
acngroup.com,Active,Named User
myiplan.com,Active,Named User
bhoptions.com,Active,Named User
wellmed.net,Active,Named User
saleshealthinsurance.com,Active,Named User
i3psychcme.com,Active,Named User
source4womencommunity.com,Active,Named User
myuhc.com,Active,Named User
infusource.com,Active,Named User
optumrx.com,Active,Named User
medekit.com,Active,Named User
mysecurehorizons.com,Active,Named User
glhp.com,Active,Named User
travelsecuritymanager.com,Active,Named User
equinoxhealthcare.com,Active,Named User
waterpointbenefits.com,Active,Named User
canreg.ca,Active,Named User
hihealthinnovations.com,Active,Named User
ehrdocs.com,Active,Named User
unimericaonline.com,Active,Named User
icshealthcare.com,Active,Named User
careimprovementplus.com,Active,Named User
processworksinc.com,Active,Named User
definityhealth.com,Active,Named User
futurescripts.com,Active,Named User
aciiv.com,Active,Named User
pbhi.com,Active,Named User
epidemiology.com,Active,Named User
shopfirstlinebenefits.com,Active,Named User
unisonhealthplan.com,Active,Named User
homecareiv.com,Active,Named User
avella.com,Active,Named User
processworks.com,Active,Named User
mypacificare.com,Active,Named User
notme.com,Active,Named User
cmi-insurance.com,Active,Named User
ingenixconsulting.com,Active,Named User
optumhealtheducation.com,Active,Named User
